1, , Essentials of Grammar
15, , To the Beginner in Latin: What Latin is\, and why it is studied. How to study Latin
19, , Introduction: Alphabet\, Sounds of the Letters\, Syllables\, Quantity\, Accent
24, I, The Singular and Plural of Nouns and Verbs. The Nominative Case used as Subject
26, II, The Accusative Case used as the Direct Object
28, III, The Present Indicative Active of the First Conjugation
30, IV, The Genitive Case used to denote Possession
32, V, The Present Indicative Active of the Second Conjugation. Causal Clause with Quod
34, VI, The Dative Case used as the Indirect Object. The Ablative used in Prepositional Phrases to show Place Where
36, VII, The First Declension. Gender. 
38, , First Review Lesson
40, VIII, The Second Declension
42, IX, Adjectives of the First and Second Declensions
44, X, The Present Indicative of Sum. Predicate Noun and Predicate Adjective
46, XI, Apposition. Cornēlia et Iūlia
48, XII, The Second Declension: Nouns in -er\, -ir\, -ius\, and -ium
50, XIII, Adjectives of the First and Second Declensions end- ing in -er. Dē Graeciā
52, XIV, The Imperfect and Future Indicative of Sum. The Dative with Adjectives
54, , Second Review Lesson
56, XV, The Imperfect Indicative Active\, First and Second Conjugations. The Ablative of Means
58, XVI, The Future Indicative Active\, First and Second Conjugations. The Ablative of Manner
60, XVII, Principal Parts. The Perfect Stem. The Perfect Indicative Active\, First Conjugation. Dē Sabīnīs
62, XVIII, The Perfect Indicative Active\, Second Conjugation. The Ablative of Accompaniment
64, XIX, The Demonstrative Is. The Perfect Indicative of Sum
66, XX, The Interrogative Quis. Dē Deīs Rōmānōrum
68, XXI, The Present\, Imperfect\, Future\, and Perfect Indicative Active of the Third Conjugation
70, , Third Review Lesson
72, XXII, Reading Lesson. Dē Īcarō. Rōmānī prō Sociīs pugnant
74, XXIII, The Third Declension
76, XXIV, The Third Conjugation: Verbs in -iō. The Ablative of Place from Which. The Accusative of Place to Which
78, XXV, The Ablative of Cause. Prepositional Phrases expressing Cause
80, XXVI, The Third Declension: i-Stems
82, XXVII, The Accusative and the Ablative with Prepositions. Adjectives used as Nouns
84, XXVIII, Reading Lesson. Horātius Pontem dēfendit. Dē Nātiōnibus Eurōpae
86, , Fourth Review Lesson
88,
90,
92,
94,
96,
98,
100,
102,
104,
106,
108,
110,
112,
114,
116,
118,
120,
122,
124,
126,
128,
130,
132,
134,
136,
138,
140,
142,
144,
146,
148,
150,
152,
156,
158,
160,
162,
164,
166,
168,
170,
173,
175,
178,
180,
182,
184,
186,
188,
190,
192,
194,
196,
198,
201,
206,
208,
213,
218,
223,
227,
245,
249,
251,
253,
287,
331,
341,